{"cameraMode":{"drawMode":0,"name":"Shaded","section":"Shading Mode"},"sceneLighting":true,"audioPlay":false,"sceneViewState":{"m_AlwaysRefresh":false,"showFog":true,"showSkybox":true,"showFlares":true,"showImageEffects":true,"showParticleSystems":true,"showVisualEffectGraphs":true,"m_FxEnabled":true},"in2DMode":false,"pivot":{"x":-0.037488505244255069,"y":-2.9701976776123049,"z":-4.851934432983398},"rotation":{"x":0.010413366369903088,"y":0.8503618836402893,"z":-0.5258293747901917,"w":0.016840197145938875},"size":5.763500690460205,"orthographic":false}